"iPhone XS Max, Apple, 256GB, Dourado","R$5.999,99"
"Iphone X Apple 64GB Cinza Espacial Tela Super Retina Hd Oled 5.8 iOS 11 Câmeras De 12MP Mqac2Bz/A","R$4.499,00"
"A experiência Apple: Segredos para formar clientes incrivelmente fiéis","R$0,00"
"iphone X Apple Cinza Espacial, Tela de 5,8"", 4G, 64 GB, Câmera de 12 MP","R$4.699,99"
"Apple iPhone 8 Cinza Espacial 64GB com 4,7"", iOS 11, Processador A11, 4G, Câmera de 12 MP Desbloqueado","R$3.799,99"
"Kit 3-em-1 Veicular, Suporte Magnético, Carregador, Cabo Lightning para iPhone, Geonav, PLI31, Preto-Cinza Alumínio","R$79,00"
"iPhone Photography for Everybody: App Techniques","R$180,46"
"iPhone X Review: An Honest Review If You Need iPhone X And iOs 11 User's Guide: (Updated) (English Edition)","R$0,00"
"Kit Casa Eficiente, Positivo Casa Inteligente (2 Smart Lâmpadas Wi-Fi + 2 Smart Plugs Wi-Fi), Compatível com Alexa","R$509,99"
"CD Fiona Apple - When The Pawn - Importado - Lacrado","R$34,00"
"iPhone 8 Apple Dourado com Tela de 4,7"", 4G, 64 GB e Câmera de 12 MP","R$3.466,98"
"A Fonte Dos Iphones: Ganhe de R$ 3.000 a 9.000 Por Mês Vendendo Iphones","R$0,00"
"iPhone Programmer's Road Map: A Guided Tour of the Official SDK","R$193,48"
"Farinha Substituta de Ovo (Granel 100g)","R$13,63"
"Carregador Veicular sem Fio por Indução e Suporte, Baseus, WXYL-BOA, Grafite","R$128,90"
"Napi Rasqueadeira Cabo Patinhas N.1 (R-5), Cores sortidas","R$7,76"
"iPhone 6s 32GB Rose Tela Retina HD 4,7  3D Touch Camera 12MP - Apple","R$1.969,00"
"iphone X Apple Cinza Espacial, Tela de 5,8"", 4G, 256 GG, Câmera de 12 MP","R$4.999,99"
