"Patinete Adventure Clássico Bandeirante Azul","R$179,89"
"Patinete Gatinha Clássico Bandeirante Rosa","R$159,00"
"Patinete Frozen 3 - Freio E Roda Gel - Infantil Menina","R$139,99"
"Patinete Homem Aranha Dobrável 2 Rodas Luz de Led Bandeirante Azul","R$199,00"
"Patinete Thunder - Deck Estampado Bel Fix","R$238,00"
"Patinete Juvenil Rosa Mor","R$132,72"
"Patinete 3 Rodas Infanto-juvenil Menino Mor","R$198,49"
"Piscina Inflável 2.400 Litros Mor","R$172,81"
"Patinete Elétrico Freego Preto","R$989,90"
"Patinete Radical Top 03 Rodas Rosa Dm Toys Multicor","R$140,00"
"Patinete Touring (Adulto) Bel Fix Preto","R$384,90"
"Patinete Menina Merco Toys","R$149,80"
"Patinete Skatenet Luccas Neto Brinquedos Bandeirante Multicor","R$269,99"
"Patinete Skatenet Transformers Bandeirante Amarelo","R$184,90"
"Pat. Skatenet Max Black - Led Bandeirante Preto","R$336,89"
"Barbie, Patinete Fabuloso, Rosa","R$189,02"
"Patinete Dobrável com 2 Rodas Guidão e Trava Ajustável ES108 Atrio","R$178,73"
"Patinete Radical Top 03 Rodas Azul Dm Toys Multicor","R$173,93"
"Cadeirinha Simple Safe 0 a 25 Kg, Cosco, Vermelho","R$199,99"
"Patinete Tech Sports 3 Rodas Bel Fix Preto","R$265,00"
"Patinete Mini Scooty Menina Calesita","R$69,90"
"Patinete Rosa Com Cestinha Luzes E Sons Acima 5 Anos Novo","R$119,90"
"Patinete E Bicicleta De Equilíbrio 2 Em 1 ES164 Fischer Price","R$167,01"
"Patinete 3 Rodas Infantil Rosa Mor","R$121,74"
"Patinete 3 Rodas com LED Guidão Ajustável Suporta até 40Kg, Atrio","R$240,95"
"Calesita Patinete Mini Scooty Menino, multicor","R$77,58"
"Patinete Patrulha Canina 3 Rodas Fun Multicor","R$340,00"
"Zumm Patinete 3 Rodas C/ Led - Cinza Bel Fix Cinza","R$205,00"
"Patinete Bubble Solta Bolhas de Sabão Bel Fix Rosa","R$205,71"
"Patinete Cat Noir Miraculous Verde","R$176,09"
"Patinete Trinet 3 Rodas Calesita","R$159,00"
"Patinete Elétrico Atrio Assistido Road Dobrável 8 Pol. 150W Velocidade 20 km/H Autonomia 15 km Suporta até 100Kgs Preto - ES251","R$1.058,36"
"Astro Toys 9045, Patinete Bag Flyte","R$489,02"
"Patinete Dinossauro com Som e Luzes","R$129,10"
"Patinete 4 Rodas Infantil Menino Mor","R$145,90"
"Patinete Infantil 3 Rodas com LED ES112 - Atrio","R$173,00"
"Patinete Trinet Rosa 3 Rodas Calesita","R$166,64"
"Patinete Slim Scooter Verde Bv0006 - Polibrinq","R$98,99"
"Patinete Infantil Menina Donzelas Color Dobrável Reforçado 50 kg Certificado INMETRO","R$128,90"
