"Controle Dualshock - PlayStation 4 - Vermelho","R$229,00"
"Controle Dualshock - PlayStation 4 - Preto","R$248,00"
"Console PlayStation 4 - Pro 1 TB - Preto","R$2.216,00"
"Headset P4C - Preto/Azul - PlayStation 4","R$90,08"
"Playstation 2 Repair Guide (English Edition)","R$2,75"
"Camiseta Básica Regular Fit","R$17,50"
"Controle Dualshock - PlayStation 4 - Dourado","R$334,90"
"God of War Kratos Busto em Resina Ps4 Playstation (BD02)","R$589,90"
"Console PlayStation 4 - Slim 1TB - Bundle FIFA 19","R$1.950,00"
"Caderno Argolado Playstation, DAC, Azul Escuro","R$93,10"
"Console PlayStation 4 1TB Bundle Hits Family - Ratchet and Clank, Spyro Reignited Trilogy, Crash Bandicoot N'sane Trilogy - Playstation 4 (Versão Nacional)","R$1.999,99"
"Dossiê OLD!Gamer Volume 17: Playstation 2: A História Completa do Videogame mais vendido da História","R$59,90"
"Pasta, DAC 2662, Multicor, DAC, Pasta Catálago Playstation Com e Sem lombo ajustável 2662, Multicor","R$22,89"
