"Fone de Ouvido Dobrável, Sony, MDR-ZX110, Preto","R$63,99"
"Fone de Ouvido on Ear Bluetooth, Tune 500, JBL, Preto","R$195,00"
"Edifier W800BTBK - Fone de Ouvido Bluetooth, Preto","R$219,90"
"Headset Gamer HyperX Cloud Stinger Core PS4/Xbox One/Nintendo Switch","R$249,00"
"CIC Fone De Ouvido Dobrável Bluetooth on ear Microfone Atende Ligacao Cancelamento de Ruído e Som Stéreo Integrado e Suporte para Celulares, PC e TV, Preto e Azul","R$83,99"
"Sony MDR-ZX310 Fone de Ouvido com Microfone, Preto","R$98,59"
"Fone de Ouvido, JBL, Tune 110 Intra-Auricular, Preto","R$45,00"
"Fone de Ouvido Tune 500, JBL, Preto","R$99,00"
"Fone Multimídia, Fortrek, Preto","R$38,43"
"Fone de Ouvido OverEar, XB550, Sony, Preto, Médio","R$175,07"
"Fone De Ouvido Akg K52","R$204,50"
"Fone de Ouvido, Philips, SHL5005/00, Preto","R$37,05"
"CIC G9000 Fone de ouvido Gamer Headset Reduz Ruídos Supra-Auricular Microfone Luz LED PC PS4 Xbox Laptop Nintendo PUBG Azul","R$91,30"
"Fone de Ouvido Pulse Max com Microfone, Motorola, SH004, Branco, Único","R$119,00"
"Suporte de Parede para Headset Fone de Ouvido Headphone Universal Razer Hyper X","R$39,99"
"Smartwatch Xiaomi Mi Band 4 Oled Preto Original Lacrado","R$167,90"
"Comunicação não-violenta: Técnicas para aprimorar relacionamentos pessoais e profissionais","R$48,16"
"Fone de Ouvido C300Si, JBL, Jblc300Siblk, 28910694, Preto","R$70,90"
"Headset Gamer Warrior, P2, Fone De Ouvido com Microfone - PH101","R$75,07"
"The Voice in the Headphones (English Edition)","R$43,26"
"Sennheiser Hd 4.40 Bt Wireless Bluetooth Headphones","R$1.539,90"
