"Sapato Social Com Cadarço Masculino Top Flex R804DB","R$89,90"
"Kit Sapato Social Masculino com Relógio e Carteira ZARU 807","R$99,90"
"Sapateira Organizador De Sapatos Rack Tênis Armário Casa","R$9,90"
"Sapatênis Sapato Casual Com Relógio e Carteira Masculino JUILLI R1100DB","R$109,90"
"Sapato Liverpool Masculino Ferracini","R$161,12"
"Tênis Salomon Speedcross 4 - Trail Running","R$749,90"
"Organizador de Sapatos para Porta com 20 Divisórias, Ordene Br, Bege","R$59,90"
"Os oito pares de sapatos da cinderela","R$35,92"
"Sapatênis Sapato Casual Masculino Com Relógio JUILLI R1100DB","R$99,90"
"Sapato Democrata DC18-450052","R$179,90"
"Sapato de freio Centric 111.00330","R$535,20"
"Meia Sapato Home Pet Amarela Xadrez Tamanho M","R$18,99"
"Princípile Plastics Sloggers sapato feminino roxo com estampa de patas para chuva e jardim","R$387,74"
"Sapato Liverpool, Ferracini, Masculino","R$169,99"
"Replica [Disco de Vinil]","R$137,34"
"Organizador de Sapato Rack com 20 unidades Preto com Regulagem de Altura","R$79,20"
"Kit Sapato Social Masculino com Relógio, Cinto e Carteira Top Flex 806","R$89,90"
"O Sapato-Pato de Pablo","R$31,99"
"Kit 2 Pares de Sapato Social Conforto Marrom e Preto","R$124,99"
"Sapatênis Leeds - Polo Match","R$74,90"
"Kit Sapato Social Verniz Com Relógio Cinto Carteira Masculino ZARU 814DB","R$89,99"
"Organizador Rack Sapato 20 unidades Preto","R$79,20"
"Organizador de Sapato Rack com 40 unidades Branco com Regulagem de Altura","R$156,20"
"Tantas Histórias Numa Caixa de Sapatos","R$47,00"
"Centric Parts 112.05190 sapato de freio","R$301,58"
"Meia Sapato Homepet Preta Colorida Tamanho M","R$18,99"
"Sloggers sapato feminino impermeável para chuva e jardim com palmilha confortável","R$336,40"
"Kit 3 Pares Sapato Social masculino","R$149,90"
"Meia Masculina, Kit 12 Pares, Cano Alto, Sport, Algodão, 39 a 43","R$24,90"
"Gato que pulava em sapato","R$38,90"
"Organizador de Sapato Rack com 50 unidades Branco com Regulagem de Altura","R$194,70"
"Kit Sapato Social Com Relógio Cinto Carteira Verniz Com Cadarço Top Flex R804DB","R$109,90"
"Sapatos","R$24,28"
"Contra Reloj","R$449,53"
"Sapato Social Masculino, Pegada","R$159,89"
"Social Casual em Couro, Fork, Masculino","R$157,70"
"Organizador Rack Sapato 20 unidades Preto- Com regulagem de Altura","R$79,20"
