"Patinete Elétrico Freego Preto","R$989,90"
"Patinete Scooter Rosa Pi3361 - Pica Pau","R$119,69"
"Urban Master Scooter Rider Insane Stunts: Extreme Sports Park Driving","R$64,45"
"Best Accessories for Xiaomi Electric Scooter Mijia M365: (electric scooter, electric kick scooter, scooter wikipedia, scooter one, hoverboard information, ... mijia m365, eco energy) (English Edition)","R$0,00"
"Bateria De Lítio 60v 12ah Para Moto Chopper Scooter Elétrica","R$1.978,90"
"Hoverkart Pole Position para Hoverboard, Mymax, 24.009087000000001, Vermelho/Preto","R$299,00"
"Vespa P/PX125, 150 & 200 Scooters Service & Repair Manual: (incl. LML Star 2T) 1978 to 2017","R$103,26"
"Hoaxed: Everything They Told You is a Lie (English Edition)","R$0,00"
"Patinete Elétrico Atrio Assistido Road Dobrável 8 Pol. 150W Velocidade 20 km/H Autonomia 15 km Suporta até 100Kgs Preto - ES251","R$1.058,36"
"P1000 Scooter, Grow, Multicor","R$51,90"
"Correia Scooter Burgman 125 (2005 , 2010) , Riffel","R$114,39"
"Suporte De Smartphone Para Patinete Elétrico, Bicicleta Ch01","R$19,00"
"Lambretta TV/LI Scooterlinea: Terza serie Storia, modelli e documenti / Series 3 History, models and documentation","R$223,31"
"Scooter and Friends Take a Vacation (English Edition)","R$0,00"
"Correia Scooter Burgman An400 K7/K8/K9 (2009 , 2015) , Riffel","R$721,40"
"Patinete Gatinha Clássico Bandeirante Rosa","R$159,00"
"Patinete Thunder - Deck Estampado Bel Fix","R$238,00"
"Nitro Circus Level 2 Lib Edn: Scooter!","R$75,71"
"Scooter: Cerberus MC Book 11 (English Edition)","R$0,00"
"Correia Scooter Citycom 300 (2011 , 2016) , Riffel","R$383,11"
"Scooter!: The Douglas A-4 Skyhawk Story","R$202,83"
"Scooter: The Little Black Kitty with the White Spot (English Edition)","R$30,80"
"Barbie, Patinete Fabuloso, Rosa","R$189,02"
"Patinete Adventure Clássico Bandeirante Azul","R$179,89"
"American Son","R$134,85"
"Correia Scooter Lead 110 (2010 , 2015) , Riffel","R$104,67"
"Scooter!: Three stories in one book! (English Edition)","R$0,00"
"Zumm Patinete 3 Rodas C/ Led - Rosa Bel Fix Rosa","R$239,98"
