"Console Xbox One X - 1TB - Preto","R$2.299,00"
"Xbox One S 1TB - Branco","R$1.329,59"
"Console Xbox One S - 1 TB e 2 Controles - Xbox One","R$1.599,99"
"Console Xbox One X  1TB - Forza Horizon 4 + token digital Forza Horizon 4 LEGO® Speed Champions","R$2.999,90"
"Console Xbox One S 1TB + Pro Evolution Soccer 2020 - Xbox One","R$1.359,00"
"Pilhas Recarregáveis Aa Multilaser 2500Mah Com 4 Unidades - CB052","R$50,72"
"Controle sem Fio - Xbox One - Branco","R$284,99"
"Xbox One X","R$2.499,00"
"Chiclete Menta Verde Trident Com 21 Unidades","R$37,50"
"Headset Gamer HyperX Cloud Stinger Core PS4/Xbox One/Nintendo Switch","R$249,00"
